filename	cd	track	title	bwv
01-01 Darzu ist erschienen der Sohn Gottes, BWV 40- No. 6, Schwing' dich auf zu deinem Gott.mp3	1	1	Darzu ist erschienen der Sohn Gottes, BWV 40- No. 6, Schwing' dich auf zu deinem Gott.mp3	40
01-02 Seelenbräutigam, BWV 409.mp3	1	2	Seelenbräutigam, BWV 409.mp3	409
01-03 Es wartet alles auf dich, BWV 187- No. 7, Singen wir aus Herzensgrund.mp3	1	3	Es wartet alles auf dich, BWV 187- No. 7, Singen wir aus Herzensgrund.mp3	187
01-04 Singt dem Herrn ein neues Lied, BWV 411.mp3	1	4	Singt dem Herrn ein neues Lied, BWV 411.mp3	411
01-05 Sollt' ich meinem Gott nicht singen, BWV 413.mp3	1	5	Sollt' ich meinem Gott nicht singen, BWV 413.mp3	413
01-06 Mache dich, mein Geist, bereit, BWV 115- No. 6, Straf mich nicht in deinem Zorn.mp3	1	6	Mache dich, mein Geist, bereit, BWV 115- No. 6, Straf mich nicht in deinem Zorn.mp3	115
01-07 Valet will ich dir geben, BWV 415.mp3	1	7	Valet will ich dir geben, BWV 415.mp3	415
01-08 No. 5, Vater unser im Himmelreich - Es reißet euch ein schrecklich Ende, BWV 90.mp3	1	8	No. 5, Vater unser im Himmelreich - Es reißet euch ein schrecklich Ende, BWV 90.mp3	90
01-09 Herr, deine Augen sehen nach dem Glauben, BWV 102- No. 7, Vater unser im Himmelreich.mp3	1	9	Herr, deine Augen sehen nach dem Glauben, BWV 102- No. 7, Vater unser im Himmelreich.mp3	102
01-10 Von Gott will ich nicht lassen, BWV 417.mp3	1	10	Von Gott will ich nicht lassen, BWV 417.mp3	417
01-11 Von Gott will ich nicht lassen, BWV 418.mp3	1	11	Von Gott will ich nicht lassen, BWV 418.mp3	418
01-12 Von Gott will ich nicht lassen, BWV 419.mp3	1	12	Von Gott will ich nicht lassen, BWV 419.mp3	419
01-13 Von Gott will ich nicht lassen, WoO.mp3	1	13	Von Gott will ich nicht lassen, WoO.mp3	
01-14 Herr, wie du willt, so schick's mit mir, BWV 73- No. 5, Von Gott will ich nicht lassen.mp3	1	14	Herr, wie du willt, so schick's mit mir, BWV 73- No. 5, Von Gott will ich nicht lassen.mp3	73
01-15 Wär' Gott nicht mit uns diese Zeit, BWV 14- No. 1, Wär' Gott nicht mit uns diese Zeit.mp3	1	15	Wär' Gott nicht mit uns diese Zeit, BWV 14- No. 1, Wär' Gott nicht mit uns diese Zeit.mp3	14
01-16 Warum betrübst du dich, mein Herz, BWV 420.mp3	1	16	Warum betrübst du dich, mein Herz, BWV 420.mp3	420
01-17 Wer sich selbst erhöhet, der soll erniedriget werden, BWV 47- No. 5, Warum betrübst du dich, mein Herz.mp3	1	17	Wer sich selbst erhöhet, der soll erniedriget werden, BWV 47- No. 5, Warum betrübst du dich, mein Herz.mp3	47
01-18 Warum sollt' ich mich denn grämen, BWV 422.mp3	1	18	Warum sollt' ich mich denn grämen, BWV 422.mp3	422
01-19 Was betrübst du dich, mein Herze, BWV 423.mp3	1	19	Was betrübst du dich, mein Herze, BWV 423.mp3	423
01-20 Was bist du doch, o Seele, so betrübet, BWV 424.mp3	1	20	Was bist du doch, o Seele, so betrübet, BWV 424.mp3	424
01-21 Nimm, was dein ist, und gehe hin, BWV 144- No. 3, Was Gott thut, das ist wohlgethan.mp3	1	21	Nimm, was dein ist, und gehe hin, BWV 144- No. 3, Was Gott thut, das ist wohlgethan.mp3	144
01-22 Was Gott tut, das ist wohlgetan, BWV 99- No. 1, Was Gott thut, das ist wohlgethan.mp3	1	22	Was Gott tut, das ist wohlgetan, BWV 99- No. 1, Was Gott thut, das ist wohlgethan.mp3	99
01-23 Matthäus-Passion, BWV 244- No. 25, Was mein Gott will, das g'scheh' allzeit.mp3	1	23	Matthäus-Passion, BWV 244- No. 25, Was mein Gott will, das g'scheh' allzeit.mp3	244
01-24 Nimm, was dein ist, und gehe hin, BWV 144- No. 6, Was mein Gott will, das g'scheh' allzeit.mp3	1	24	Nimm, was dein ist, und gehe hin, BWV 144- No. 6, Was mein Gott will, das g'scheh' allzeit.mp3	144
01-25 Alles nur nach Gottes Willen, BWV 72- No. 6, Was mein Gott will, das g'scheh' allzeit.mp3	1	25	Alles nur nach Gottes Willen, BWV 72- No. 6, Was mein Gott will, das g'scheh' allzeit.mp3	72
01-26 Was mein Gott will, das g'scheh allzeit, BWV 111- No. 1, Was mein Gott will, das g'scheh' allzeit.mp3	1	26	Was mein Gott will, das g'scheh allzeit, BWV 111- No. 1, Was mein Gott will, das g'scheh' allzeit.mp3	111
01-27 Sie werden aus Saba alle kommen, BWV 65- No. 7, Was mein Gott will, das g'scheh' allzeit.mp3	1	27	Sie werden aus Saba alle kommen, BWV 65- No. 7, Was mein Gott will, das g'scheh' allzeit.mp3	65
01-28 Ich hab in Gottes Herz und Sinn, BWV 92- No. 9, Was mein Gott will, das g'scheh' allzeit.mp3	1	28	Ich hab in Gottes Herz und Sinn, BWV 92- No. 9, Was mein Gott will, das g'scheh' allzeit.mp3	92
01-29 Ihr werdet weinen und heulen, BWV 103- No. 6, Was mein Gott will, das g'scheh' allzeit.mp3	1	29	Ihr werdet weinen und heulen, BWV 103- No. 6, Was mein Gott will, das g'scheh' allzeit.mp3	103
01-30 Was willst du dich, o meine Seele, BWV 425.mp3	1	30	Was willst du dich, o meine Seele, BWV 425.mp3	425
01-31 Weltlich Ehr' und zeitlich Gut, BWV 426.mp3	1	31	Weltlich Ehr' und zeitlich Gut, BWV 426.mp3	426
01-32 Wenn ich in Angst und Noth, BWV 427.mp3	1	32	Wenn ich in Angst und Noth, BWV 427.mp3	427
01-33 Wenn mein Stündlein vorhanden ist, BWV 430.mp3	1	33	Wenn mein Stündlein vorhanden ist, BWV 430.mp3	430
01-34 Wenn wir in höchsten Nöthen sein, BWV 431.mp3	1	34	Wenn wir in höchsten Nöthen sein, BWV 431.mp3	431
01-35 Wenn wir in höchsten Nöthen sein, BWV 432.mp3	1	35	Wenn wir in höchsten Nöthen sein, BWV 432.mp3	432
01-36 Werde munter, mein Gemüthe (Cantata, BWV 116).mp3	1	36	Werde munter, mein Gemüthe (Cantata, BWV 116).mp3	116
01-37 Werde munter, mein Gemüthe (St Matthew Passion, BWV 244).mp3	1	37	Werde munter, mein Gemüthe (St Matthew Passion, BWV 244).mp3	244
01-38 Werde munter, mein Gemüthe, BWV 360.mp3	1	38	Werde munter, mein Gemüthe, BWV 360.mp3	360
01-39 Werde munter, mein Gemüthe (Cantata, BWV 154).mp3	1	39	Werde munter, mein Gemüthe (Cantata, BWV 154).mp3	154
01-40 Wer Gott vertraut, hat wohlgebaut, BWV 433.mp3	1	40	Wer Gott vertraut, hat wohlgebaut, BWV 433.mp3	433
01-41 Wer nur den lieben Gott läßt walten, BWV 434.mp3	1	41	Wer nur den lieben Gott läßt walten, BWV 434.mp3	434
01-42 Wer nur den lieben Gott läßt walten (Cantata, BWV 88).mp3	1	42	Wer nur den lieben Gott läßt walten (Cantata, BWV 88).mp3	88
01-43 Wer nur den lieben Gott läßt walten, BWV 197.mp3	1	43	Wer nur den lieben Gott läßt walten, BWV 197.mp3	197
01-44 Wer nur den lieben Gott läßt walten (Cantata, BWV 179).mp3	1	44	Wer nur den lieben Gott läßt walten (Cantata, BWV 179).mp3	179
01-45 Wer nur den lieben Gott läßt walten (Cantata, BWV 166).mp3	1	45	Wer nur den lieben Gott läßt walten (Cantata, BWV 166).mp3	166
01-46 Wer nur den lieben Gott läßt walten (Cantata, BWV 84).mp3	1	46	Wer nur den lieben Gott läßt walten (Cantata, BWV 84).mp3	84
01-47 Wie bist du, Seele, in mir so gar betrübt, BWV 435.mp3	1	47	Wie bist du, Seele, in mir so gar betrübt, BWV 435.mp3	435
01-48 Wie schön leuchtet der Morgenstern (Cantata, BWV 36).mp3	1	48	Wie schön leuchtet der Morgenstern (Cantata, BWV 36).mp3	36
01-49 Wo Gott der Herr nicht bei uns hält, BWV 258.mp3	1	49	Wo Gott der Herr nicht bei uns hält, BWV 258.mp3	258
01-50 Wo Gott der Herr nicht bei uns hält (Cantata, BWV 178).mp3	1	50	Wo Gott der Herr nicht bei uns hält (Cantata, BWV 178).mp3	178
01-51 Wo Gott der Herr nicht bei uns hält, BWV 256.mp3	1	51	Wo Gott der Herr nicht bei uns hält, BWV 256.mp3	256
01-52 Wo Gott der Herr nicht bei uns hält (Cantata, BWV 114).mp3	1	52	Wo Gott der Herr nicht bei uns hält (Cantata, BWV 114).mp3	114
01-53 Wo Gott der Herr nicht bei uns hält, BWV 257.mp3	1	53	Wo Gott der Herr nicht bei uns hält, BWV 257.mp3	257
01-54 Wo Gott zum Haus nicht gibt sein' Gunst, BWV 438.mp3	1	54	Wo Gott zum Haus nicht gibt sein' Gunst, BWV 438.mp3	438
01-55 Jesu, meine Freude (Cantata, BWV 64).mp3	1	55	Jesu, meine Freude (Cantata, BWV 64).mp3	64
01-56 Jesu, meines Herzens Freud', BWV 361.mp3	1	56	Jesu, meines Herzens Freud', BWV 361.mp3	361
01-57 Jesu, nun sei gepreiset, BWV 362.mp3	1	57	Jesu, nun sei gepreiset, BWV 362.mp3	362
01-58 Jesus, meine Zuversicht, BWV 365.mp3	1	58	Jesus, meine Zuversicht, BWV 365.mp3	365
01-59 Ihr Gestirn', ihr hohlen Lüfte, BWV 366.mp3	1	59	Ihr Gestirn', ihr hohlen Lüfte, BWV 366.mp3	366
01-60 In allen meinen Thaten, BWV 367.mp3	1	60	In allen meinen Thaten, BWV 367.mp3	367
01-61 Ist Gott mein Schild und Helfersmann (Cantata, BWV 85).mp3	1	61	Ist Gott mein Schild und Helfersmann (Cantata, BWV 85).mp3	85
01-62 Keinen hat Gott verlassen, BWV 369.mp3	1	62	Keinen hat Gott verlassen, BWV 369.mp3	369
01-63 Komm, Gott Schöpfer, heiliger Geist, BWV 370.mp3	1	63	Komm, Gott Schöpfer, heiliger Geist, BWV 370.mp3	370
01-64 Komm, heiliger Geist, Herre Gott, BWV 226.mp3	1	64	Komm, heiliger Geist, Herre Gott, BWV 226.mp3	226
01-65 Komm, Jesu komm, BWV 229.mp3	1	65	Komm, Jesu komm, BWV 229.mp3	229
01-66 Kommt her zu mir, spricht Gottes Sohn (Cantata, BWV 74).mp3	1	66	Kommt her zu mir, spricht Gottes Sohn (Cantata, BWV 74).mp3	74
01-67 Kommt her zu mir, spricht Gottes Sohn (Cantata, BWV 108).mp3	1	67	Kommt her zu mir, spricht Gottes Sohn (Cantata, BWV 108).mp3	108
01-68 Lass, o Herr, dein Ohr sich neigen, BWV 372.mp3	1	68	Lass, o Herr, dein Ohr sich neigen, BWV 372.mp3	372
01-69 Liebster Jesu, wir sind hier, BWV 373.mp3	1	69	Liebster Jesu, wir sind hier, BWV 373.mp3	373
01-70 Liebster Immanuel, Herzog der Frommen (Cantata, BWV 123).mp3	1	70	Liebster Immanuel, Herzog der Frommen (Cantata, BWV 123).mp3	123
01-71 Lobe den Herren, den mächtigen König der Ehren (Cantata, BWV 57).mp3	1	71	Lobe den Herren, den mächtigen König der Ehren (Cantata, BWV 57).mp3	57
01-72 Lobet den Herren, denn er ist sehr freundlich, BWV 374.mp3	1	72	Lobet den Herren, denn er ist sehr freundlich, BWV 374.mp3	374
01-73 Mach's mit mir, Gott, nach deiner Güt', BWV 377.mp3	1	73	Mach's mit mir, Gott, nach deiner Güt', BWV 377.mp3	377
01-74 Mach's mit mir, Gott, nach deiner Güt' (Cantata, BWV 139).mp3	1	74	Mach's mit mir, Gott, nach deiner Güt' (Cantata, BWV 139).mp3	139
01-75 Mein' Augen schließ' ich jetzt, BWV 378.mp3	1	75	Mein' Augen schließ' ich jetzt, BWV 378.mp3	378
01-76 Meinen Jesum lass' ich nicht, Jesus, BWV 379.mp3	1	76	Meinen Jesum lass' ich nicht, Jesus, BWV 379.mp3	379
01-77 Meinen Jesum lass' ich nicht, BWV 380.mp3	1	77	Meinen Jesum lass' ich nicht, BWV 380.mp3	380
01-78 Meinen Jesum lass' ich nicht.mp3	1	78	Meinen Jesum lass' ich nicht.mp3	
01-79 Meinen Jesum lass' ich nicht (Cantata, BWV 124).mp3	1	79	Meinen Jesum lass' ich nicht (Cantata, BWV 124).mp3	124
01-80 Meines Lebens letzte Zeit, BWV 381.mp3	1	80	Meines Lebens letzte Zeit, BWV 381.mp3	381
01-81 Mit Fried' und Freud' ich fahr' dahin, BWV 382.mp3	1	81	Mit Fried' und Freud' ich fahr' dahin, BWV 382.mp3	382
01-82 Mit Fried' und Freud' ich fahr' dahin (Cantate, BWV 83).mp3	1	82	Mit Fried' und Freud' ich fahr' dahin (Cantate, BWV 83).mp3	83
01-83 Mit Fried' und Freud' ich fahr' dahin (Cantata, BWV 125).mp3	1	83	Mit Fried' und Freud' ich fahr' dahin (Cantata, BWV 125).mp3	125
01-84 Mitten wir im Leben sind, BWV 383.mp3	1	84	Mitten wir im Leben sind, BWV 383.mp3	383
01-85 Nicht so traurig, nicht so sehr, BWV 384.mp3	1	85	Nicht so traurig, nicht so sehr, BWV 384.mp3	384
01-86 Nun bitten wir den heiligen Geist, BWV 385.mp3	1	86	Nun bitten wir den heiligen Geist, BWV 385.mp3	385
01-87 Nun bitten wir den heiligen Geist (Cantata, BWV 169).mp3	1	87	Nun bitten wir den heiligen Geist (Cantata, BWV 169).mp3	169
01-88 Nun danket alle Gott, BWV 386.mp3	1	88	Nun danket alle Gott, BWV 386.mp3	386
01-89 Nun freut euch, Gottes Kinder all, BWV 387.mp3	1	89	Nun freut euch, Gottes Kinder all, BWV 387.mp3	387
01-90 Nun lasst uns Gott, dem Herren (Cantata, BWV 165).mp3	1	90	Nun lasst uns Gott, dem Herren (Cantata, BWV 165).mp3	165
01-91 Nun lob', mein' Seel', den Herren, BWV 389.mp3	1	91	Nun lob', mein' Seel', den Herren, BWV 389.mp3	389
01-92 Nun lob', mein' Seel', den Herren, BWV 390.mp3	1	92	Nun lob', mein' Seel', den Herren, BWV 390.mp3	390
01-93 Nun preiset alle Gottes Barmherzigkeit, BWV 391.mp3	1	93	Nun preiset alle Gottes Barmherzigkeit, BWV 391.mp3	391
01-94 Nun sich der Tag geendet hat, BWV 396.mp3	1	94	Nun sich der Tag geendet hat, BWV 396.mp3	396
01-95 O Ewigkeit, du Donnerwort, BWV 397.mp3	1	95	O Ewigkeit, du Donnerwort, BWV 397.mp3	397
01-96 O Ewigkeit, du Donnerwort (Cantata, BWV 20).mp3	1	96	O Ewigkeit, du Donnerwort (Cantata, BWV 20).mp3	20
01-97 O Gott, du frommer Gott, BWV 398.mp3	1	97	O Gott, du frommer Gott, BWV 398.mp3	398
01-98 O Gott, du frommer Gott (Cantata, BWV 64, 94).mp3	1	98	O Gott, du frommer Gott (Cantata, BWV 64, 94).mp3	64
01-99 O Gott, du frommer Gott, BWV 399.mp3	1	99	O Gott, du frommer Gott, BWV 399.mp3	399
01-100 O Herre Gott, dein göttlich Wort (Cantata, BWV 184).mp3	1	100	O Herre Gott, dein göttlich Wort (Cantata, BWV 184).mp3	184
01-101 O Welt, ich muß dich lassen, BWV 392.mp3	1	101	O Welt, ich muß dich lassen, BWV 392.mp3	392
01-102 O wie selig seid ihr doch, ihr Frommen, BWV 405.mp3	1	102	O wie selig seid ihr doch, ihr Frommen, BWV 405.mp3	405
02-01 O wie selig seid ihr doch, ihr Frommen, BWV 406.mp3	2	1	O wie selig seid ihr doch, ihr Frommen, BWV 406.mp3	406
02-02 Schmücke dich, o liebe Seele (Cantata, BWV 180).mp3	2	2	Schmücke dich, o liebe Seele (Cantata, BWV 180).mp3	180
02-03 Als der gütige Gott, BWV 264.mp3	2	3	Als der gütige Gott, BWV 264.mp3	264
02-04 Das neugeborne Kindelein (Cantata, BWV 122).mp3	2	4	Das neugeborne Kindelein (Cantata, BWV 122).mp3	122
02-05 Der Tag, der ist so freudenreich, BWV 294.mp3	2	5	Der Tag, der ist so freudenreich, BWV 294.mp3	294
02-06 Ermuntre dich, mein schwacher Geist (Christmas Oratorio, BWV 248).mp3	2	6	Ermuntre dich, mein schwacher Geist (Christmas Oratorio, BWV 248).mp3	248
02-07 Freuet euch, ihr Christen alle (Cantata, BWV 40).mp3	2	7	Freuet euch, ihr Christen alle (Cantata, BWV 40).mp3	40
02-08 Für Freuden laßt uns springen, BWV 313.mp3	2	8	Für Freuden laßt uns springen, BWV 313.mp3	313
02-09 Gelobet seist du, Jesu Christ, BWV 314.mp3	2	9	Gelobet seist du, Jesu Christ, BWV 314.mp3	314
02-10 Gelobet seist du, Jesu Christ (Cantata, BWV 64).mp3	2	10	Gelobet seist du, Jesu Christ (Cantata, BWV 64).mp3	64
02-11 Gelobet seist du, Jesu Christ (Christmas Oratorio).mp3	2	11	Gelobet seist du, Jesu Christ (Christmas Oratorio).mp3	
02-12 Gott des Himmels und der Erden (Christmas Oratorio).mp3	2	12	Gott des Himmels und der Erden (Christmas Oratorio).mp3	
02-13 Gottes Sohn ist kommen, BWV 318.mp3	2	13	Gottes Sohn ist kommen, BWV 318.mp3	318
02-14 Herzlich thut mich verlangen (Christmas Oratorio).mp3	2	14	Herzlich thut mich verlangen (Christmas Oratorio).mp3	
02-15 Ich freue mich in dir (Cantata, BWV 133).mp3	2	15	Ich freue mich in dir (Cantata, BWV 133).mp3	133
02-16 In dich hab' ich gehoffet, Herr (Christmas Oratorio).mp3	2	16	In dich hab' ich gehoffet, Herr (Christmas Oratorio).mp3	
02-17 In dulci jubilo, BWV 368.mp3	2	17	In dulci jubilo, BWV 368.mp3	368
02-18 Lobt Gott, ihr Christen allzugleich, BWV 375.mp3	2	18	Lobt Gott, ihr Christen allzugleich, BWV 375.mp3	375
02-19 Lobt Gott, ihr Christen allzugleich (Cantata, BWV 151).mp3	2	19	Lobt Gott, ihr Christen allzugleich (Cantata, BWV 151).mp3	151
02-20 Nun freut euch, lieben Christen g'mein, BWV 388.mp3	2	20	Nun freut euch, lieben Christen g'mein, BWV 388.mp3	388
02-21 Nun freut euch, lieben Christen g'mein, BWV 307.mp3	2	21	Nun freut euch, lieben Christen g'mein, BWV 307.mp3	307
02-22 Nun freut euch, lieben Christen g'mein (Christmas Oratorio).mp3	2	22	Nun freut euch, lieben Christen g'mein (Christmas Oratorio).mp3	
02-23 Nun komm, der Heiden Heiland (Cantata, BWV 36).mp3	2	23	Nun komm, der Heiden Heiland (Cantata, BWV 36).mp3	36
02-24 Nun komm, der Heiden Heiland (Cantata, BWV 62).mp3	2	24	Nun komm, der Heiden Heiland (Cantata, BWV 62).mp3	62
02-25 Puer natus in Bethlehem (Cantata, BWV 65).mp3	2	25	Puer natus in Bethlehem (Cantata, BWV 65).mp3	65
02-26 Uns ist ein Kindlein heut' gebor'n, BWV 414.mp3	2	26	Uns ist ein Kindlein heut' gebor'n, BWV 414.mp3	414
02-27 Vom Himmel hoch, da komm ich her (Christmas Oratorio).mp3	2	27	Vom Himmel hoch, da komm ich her (Christmas Oratorio).mp3	
02-28 Wachet auf, ruft uns die Stimme (Cantata, BWV 140).mp3	2	28	Wachet auf, ruft uns die Stimme (Cantata, BWV 140).mp3	140
02-29 Warum sollt' ich mich denn grämen (Christmas Oratorio).mp3	2	29	Warum sollt' ich mich denn grämen (Christmas Oratorio).mp3	
02-30 Wir Christenleut' (Cantata, BWV 40).mp3	2	30	Wir Christenleut' (Cantata, BWV 40).mp3	40
02-31 Wir Christenleut' (Cantate, BWV 110).mp3	2	31	Wir Christenleut' (Cantate, BWV 110).mp3	110
02-32 Wir Christenleut' (Christmas Oratorio).mp3	2	32	Wir Christenleut' (Christmas Oratorio).mp3	
02-33 Kyrie, Gott Vater in Ewigkeit, BWV 371.mp3	2	33	Kyrie, Gott Vater in Ewigkeit, BWV 371.mp3	371
02-34 Allein Gott in der Höh' sei Ehr', BWV 260.mp3	2	34	Allein Gott in der Höh' sei Ehr', BWV 260.mp3	260
02-35 Wir glauben all' an einen Gott, BWV 437.mp3	2	35	Wir glauben all' an einen Gott, BWV 437.mp3	437
02-36 Heilig, heilig, BWV 325.mp3	2	36	Heilig, heilig, BWV 325.mp3	325
02-37 Sanctus, sanctus Dominus Deus Sabaoth, BWV 325.mp3	2	37	Sanctus, sanctus Dominus Deus Sabaoth, BWV 325.mp3	325
02-38 Dies sind die heil'gen zehn Gebot', BWV 298.mp3	2	38	Dies sind die heil'gen zehn Gebot', BWV 298.mp3	298
02-39 Meine Seele erhebt den Herren (Cantata, BWV 10).mp3	2	39	Meine Seele erhebt den Herren (Cantata, BWV 10).mp3	10
02-40 Vater unser im Himmelreich, BWV 416.mp3	2	40	Vater unser im Himmelreich, BWV 416.mp3	416
02-41 Vater unser im Himmelreich (St John Passion, BWV 245).mp3	2	41	Vater unser im Himmelreich (St John Passion, BWV 245).mp3	245
02-42 Verleih' uns Frieden genädiglich (Cantata, BWV 126).mp3	2	42	Verleih' uns Frieden genädiglich (Cantata, BWV 126).mp3	126
02-43 Verleih' uns Frieden genädiglich (Cantata, BWV 42).mp3	2	43	Verleih' uns Frieden genädiglich (Cantata, BWV 42).mp3	42
02-44 Ach Gott, vom Himmel sieh' darein (Cantata, BWV 2).mp3	2	44	Ach Gott, vom Himmel sieh' darein (Cantata, BWV 2).mp3	2
02-45 Ach Gott, wie manches Herzeleid (Cantata, BWV 153).mp3	2	45	Ach Gott, wie manches Herzeleid (Cantata, BWV 153).mp3	153
02-46 Als Jesus Christus in der Nacht, BWV 265.mp3	2	46	Als Jesus Christus in der Nacht, BWV 265.mp3	265
02-47 An Wasserflüssen Babylon, BWV 267.mp3	2	47	An Wasserflüssen Babylon, BWV 267.mp3	267
02-48 Christ ist erstanden, BWV 276.mp3	2	48	Christ ist erstanden, BWV 276.mp3	276
02-49 Christ ist erstanden (Cantata, BWV 66).mp3	2	49	Christ ist erstanden (Cantata, BWV 66).mp3	66
02-50 Christ lag in Todesbanden, BWV 277.mp3	2	50	Christ lag in Todesbanden, BWV 277.mp3	277
02-51 Christ lag in Todesbanden, BWV 278.mp3	2	51	Christ lag in Todesbanden, BWV 278.mp3	278
02-52 Christ lag in Todesbanden, BWV 279.mp3	2	52	Christ lag in Todesbanden, BWV 279.mp3	279
02-53 Christ lag in Todesbanden (Cantata, BWV 4).mp3	2	53	Christ lag in Todesbanden (Cantata, BWV 4).mp3	4
02-54 Christus, der uns selig macht (BWV 283).mp3	2	54	Christus, der uns selig macht (BWV 283).mp3	283
02-55 Christus, der uns selig macht, Pt. 1 (St John Passion, BWV 245).mp3	2	55	Christus, der uns selig macht, Pt. 1 (St John Passion, BWV 245).mp3	245
02-56 Christus, der uns selig macht, No. 2 (St John Passion, BWV 245).mp3	2	56	Christus, der uns selig macht, No. 2 (St John Passion, BWV 245).mp3	245
02-57 Christus ist erstanden, hat überwunden, BWV 284.mp3	2	57	Christus ist erstanden, hat überwunden, BWV 284.mp3	284
02-58 Da der Herr Christ zu Tische saß, BWV 285.mp3	2	58	Da der Herr Christ zu Tische saß, BWV 285.mp3	285
02-59 Des heil'gen Geistes reiche Gnad', BWV 205.mp3	2	59	Des heil'gen Geistes reiche Gnad', BWV 205.mp3	205
02-60 Du grosser Schmerzensmann, BWV 300.mp3	2	60	Du grosser Schmerzensmann, BWV 300.mp3	300
02-61 Ermuntre dich, mein schwacher Geist (Cantata, BWV 43).mp3	2	61	Ermuntre dich, mein schwacher Geist (Cantata, BWV 43).mp3	43
02-62 Erschienen ist der herrlich' Tag (Cantata, BWV 67).mp3	2	62	Erschienen ist der herrlich' Tag (Cantata, BWV 67).mp3	67
02-63 Erschienen ist der herrlich' Tag (Cantata, BWV 145).mp3	2	63	Erschienen ist der herrlich' Tag (Cantata, BWV 145).mp3	145
02-64 Erstanden ist der heilig' Christ, BWV 306.mp3	2	64	Erstanden ist der heilig' Christ, BWV 306.mp3	306
02-65 Es ist das Heil uns kommen her (Cantata, BWV 9).mp3	2	65	Es ist das Heil uns kommen her (Cantata, BWV 9).mp3	9
02-66 Es ist das Heil uns kommen her (Cantata, BWV 155).mp3	2	66	Es ist das Heil uns kommen her (Cantata, BWV 155).mp3	155
02-67 Gott sei gelobet und gebenedeiet, BWV 322.mp3	2	67	Gott sei gelobet und gebenedeiet, BWV 322.mp3	322
02-68 Herzlich lieb hab' ich dich, o Herr (St John Passion).mp3	2	68	Herzlich lieb hab' ich dich, o Herr (St John Passion).mp3	
02-69 Herzlich thut mich verlangen (St Matthew Passion, BWV 244).mp3	2	69	Herzlich thut mich verlangen (St Matthew Passion, BWV 244).mp3	244
02-70 Herzlich thut mich verlangen (St Matthew Passion).mp3	2	70	Herzlich thut mich verlangen (St Matthew Passion).mp3	
02-71 Herzliebster Jesu, was hast du verbrochen (St Matthew Passion).mp3	2	71	Herzliebster Jesu, was hast du verbrochen (St Matthew Passion).mp3	
02-72 Herzliebster Jesu, was hast du verbrochen 2 (St Matthew Passion).mp3	2	72	Herzliebster Jesu, was hast du verbrochen 2 (St Matthew Passion).mp3	
02-73 Herzliebster Jesu, was hast du verbrochen (St John Passion).mp3	2	73	Herzliebster Jesu, was hast du verbrochen (St John Passion).mp3	
02-74 Herzliebster Jesu, was hast du verbrochen 2 (St John Passion).mp3	2	74	Herzliebster Jesu, was hast du verbrochen 2 (St John Passion).mp3	
02-75 Heut' ist, o Mensch, ein großer Trauertag, BWV 341.mp3	2	75	Heut' ist, o Mensch, ein großer Trauertag, BWV 341.mp3	341
02-76 Heut' triumphieret Gottes Sohn, BWV 342.mp3	2	76	Heut' triumphieret Gottes Sohn, BWV 342.mp3	342
02-77 Jesu Leiden, Pein und Tod, No. 1 (St John Passion, BWV 245).mp3	2	77	Jesu Leiden, Pein und Tod, No. 1 (St John Passion, BWV 245).mp3	245
02-78 Jesu Leiden, Pein und Tod, No. 2 (St John Passion, BWV 245).mp3	2	78	Jesu Leiden, Pein und Tod, No. 2 (St John Passion, BWV 245).mp3	245
02-79 Jesu Leiden, Pein und Tod (Cantata, BWV 159).mp3	2	79	Jesu Leiden, Pein und Tod (Cantata, BWV 159).mp3	159
02-80 Jesus Christus, unser Heiland, BWV 363.mp3	2	80	Jesus Christus, unser Heiland, BWV 363.mp3	363
02-81 Jesus Christus, unser Heiland, BWV 364.mp3	2	81	Jesus Christus, unser Heiland, BWV 364.mp3	364
02-82 Jesus, meine Zuversicht (Cantata, BWV 145).mp3	2	82	Jesus, meine Zuversicht (Cantata, BWV 145).mp3	145
02-83 In dich hab' ich gehoffet, Herr (St Matthew Passion, BWV 244).mp3	2	83	In dich hab' ich gehoffet, Herr (St Matthew Passion, BWV 244).mp3	244
02-84 Mach's mit mir, Gott, nach deiner Güt' (St John Passion, BWV 245).mp3	2	84	Mach's mit mir, Gott, nach deiner Güt' (St John Passion, BWV 245).mp3	245
02-85 Meinen Jesum lass' ich nicht (St Matthew Passion, BWV 244).mp3	2	85	Meinen Jesum lass' ich nicht (St Matthew Passion, BWV 244).mp3	244
02-86 O Herzensangst, o Bangigkeit und Zagen, BWV 400.mp3	2	86	O Herzensangst, o Bangigkeit und Zagen, BWV 400.mp3	400
02-87 O Lamm Gottes, unschuldig, BWV 401.mp3	2	87	O Lamm Gottes, unschuldig, BWV 401.mp3	401
02-88 O Mensch, bewein' dein Sünde groß, BWV 402.mp3	2	88	O Mensch, bewein' dein Sünde groß, BWV 402.mp3	402
02-89 O Mensch, schau Jesum Christum an, BWV 403.mp3	2	89	O Mensch, schau Jesum Christum an, BWV 403.mp3	403
02-90 O Traurigkeit, o Herzeleid, BWV 404.mp3	2	90	O Traurigkeit, o Herzeleid, BWV 404.mp3	404
02-91 O Welt, ich muß dich lassen, BWV 394.mp3	2	91	O Welt, ich muß dich lassen, BWV 394.mp3	394
02-92 O Welt, ich muß dich lassen, No. 1 (St Matthew Passion, BWV 244).mp3	2	92	O Welt, ich muß dich lassen, No. 1 (St Matthew Passion, BWV 244).mp3	244
02-93 O Welt, ich muß dich lassen (St John Passion, BWV 245).mp3	2	93	O Welt, ich muß dich lassen (St John Passion, BWV 245).mp3	245
02-94 O Welt, ich muß dich lassen, No. 2 (St Matthew Passion, BWV 244).mp3	2	94	O Welt, ich muß dich lassen, No. 2 (St Matthew Passion, BWV 244).mp3	244
02-95 O wir armen Sünder, BWV 407.mp3	2	95	O wir armen Sünder, BWV 407.mp3	407
02-96 Schaut, ihr Sünder, BWV 408.mp3	2	96	Schaut, ihr Sünder, BWV 408.mp3	408
02-97 Sei gegrüßet, Jesu gütig, BWV 410.mp3	2	97	Sei gegrüßet, Jesu gütig, BWV 410.mp3	410
02-98 So giebst du nun, mein Jesu, gute Nacht, BWV 412.mp3	2	98	So giebst du nun, mein Jesu, gute Nacht, BWV 412.mp3	412
02-99 Valet will ich dir geben (St John Passion).mp3	2	99	Valet will ich dir geben (St John Passion).mp3	
02-100 Werde munter, mein Gemüthe (St Matthew Passion).mp3	2	100	Werde munter, mein Gemüthe (St Matthew Passion).mp3	
02-101 Ach bleib bei uns, Herr Jesu Christ, BWV 253.mp3	2	101	Ach bleib bei uns, Herr Jesu Christ, BWV 253.mp3	253
02-102 Ach Gott, erhör' mein Seufzen!, BWV 254.mp3	2	102	Ach Gott, erhör' mein Seufzen!, BWV 254.mp3	254
03-01 Ach Gott und Herr, BWV 255.mp3	3	1	Ach Gott und Herr, BWV 255.mp3	255
03-02 Ach Gott, vom Himmel sieh' darein (Cantata, BWV 153).mp3	3	2	Ach Gott, vom Himmel sieh' darein (Cantata, BWV 153).mp3	153
03-03 Ach Gott, wie manches Herzeleid (Cantata, BWV 3).mp3	3	3	Ach Gott, wie manches Herzeleid (Cantata, BWV 3).mp3	3
03-04 Ach, was soll ich Sünder machen, BWV 259.mp3	3	4	Ach, was soll ich Sünder machen, BWV 259.mp3	259
03-05 Allein zu dir, Herr Jesu Christ, BWV 261.mp3	3	5	Allein zu dir, Herr Jesu Christ, BWV 261.mp3	261
03-06 Alle Menschen müssen sterben (Cantata, BWV 162).mp3	3	6	Alle Menschen müssen sterben (Cantata, BWV 162).mp3	162
03-07 Auf, auf, mein Herz, und du mein ganzer Sinn, BWV 268.mp3	3	7	Auf, auf, mein Herz, und du mein ganzer Sinn, BWV 268.mp3	268
03-08 Auf meinen lieben Gott (Cantata, BWV 188).mp3	3	8	Auf meinen lieben Gott (Cantata, BWV 188).mp3	188
03-09 Auf meinen lieben Gott (Cantate, BWV 89).mp3	3	9	Auf meinen lieben Gott (Cantate, BWV 89).mp3	89
03-10 Auf meinen lieben Gott (Cantata, BWV 5).mp3	3	10	Auf meinen lieben Gott (Cantata, BWV 5).mp3	5
03-11 Auf meinen lieben Gott (Cantate, BWV 148).mp3	3	11	Auf meinen lieben Gott (Cantate, BWV 148).mp3	148
03-12 Aus meines Herzens Grunde, BWV 269.mp3	3	12	Aus meines Herzens Grunde, BWV 269.mp3	269
03-13 Aus tiefer Noth schrei ich zu dir (Cantata, BWV 38).mp3	3	13	Aus tiefer Noth schrei ich zu dir (Cantata, BWV 38).mp3	38
03-14 Befiehl du deine Wege, BWV 272.mp3	3	14	Befiehl du deine Wege, BWV 272.mp3	272
03-15 Christ, der du bist der helle Tag, BWV 273.mp3	3	15	Christ, der du bist der helle Tag, BWV 273.mp3	273
03-16 Christe, der du bist Tag und Licht, BWV 274.mp3	3	16	Christe, der du bist Tag und Licht, BWV 274.mp3	274
03-17 Christe, du Beistand deiner Kreuzgemeinde, BWV 275.mp3	3	17	Christe, du Beistand deiner Kreuzgemeinde, BWV 275.mp3	275
03-18 Christ, unser Herr, zum Jordan kam, BWV 280.mp3	3	18	Christ, unser Herr, zum Jordan kam, BWV 280.mp3	280
03-19 Christ, unser Herr, zum Jordan kam (Cantata, BWV 176).mp3	3	19	Christ, unser Herr, zum Jordan kam (Cantata, BWV 176).mp3	176
03-20 Christus, der ist mein Leben, BWV 281.mp3	3	20	Christus, der ist mein Leben, BWV 281.mp3	281
03-21 Christus, der ist mein Leben BVW282.mp3	3	21	Christus, der ist mein Leben BVW282.mp3	
03-22 Danket dem Herrn, denn er ist freundlich, BWV 286.mp3	3	22	Danket dem Herrn, denn er ist freundlich, BWV 286.mp3	286
03-23 Dank sei Gott in der Höhe, BWV 287.mp3	3	23	Dank sei Gott in der Höhe, BWV 287.mp3	287
03-24 Das alte Jahr vergangen ist, BWV 288.mp3	3	24	Das alte Jahr vergangen ist, BWV 288.mp3	288
03-25 Das walt' Gott Vater und Gott Sohn, BWV 290.mp3	3	25	Das walt' Gott Vater und Gott Sohn, BWV 290.mp3	290
03-26 Das walt' mein Gott, BWV 291.mp3	3	26	Das walt' mein Gott, BWV 291.mp3	291
03-27 Den Vater dort oben, BWV 292.mp3	3	27	Den Vater dort oben, BWV 292.mp3	292
03-28 Der du bist drei in Einigkeit, BWV 293.mp3	3	28	Der du bist drei in Einigkeit, BWV 293.mp3	293
03-29 Die Nacht ist kommen, BWV 296.mp3	3	29	Die Nacht ist kommen, BWV 296.mp3	296
03-30 Die Sonn' hat sich mit ihrem Glanz, BWV 297.mp3	3	30	Die Sonn' hat sich mit ihrem Glanz, BWV 297.mp3	297
03-31 Dir, dir, Jehova, will ich singen, BWV 299.mp3	3	31	Dir, dir, Jehova, will ich singen, BWV 299.mp3	299
03-32 Du Friedefürst, Herr Jesu Christ (Cantata, BWV 67).mp3	3	32	Du Friedefürst, Herr Jesu Christ (Cantata, BWV 67).mp3	67
03-33 Du Friedefürst, Herr Jesu Christ (Cantata, BWV 116).mp3	3	33	Du Friedefürst, Herr Jesu Christ (Cantata, BWV 116).mp3	116
03-34 Du, o schönes Weltgebäude, BWV 301.mp3	3	34	Du, o schönes Weltgebäude, BWV 301.mp3	301
03-35 Du, o schönes Weltgebäude (Cantata, BWV 56).mp3	3	35	Du, o schönes Weltgebäude (Cantata, BWV 56).mp3	56
03-36 Durch Adams Fall ist ganz verderbt (Cantata, BWV 18).mp3	3	36	Durch Adams Fall ist ganz verderbt (Cantata, BWV 18).mp3	18
03-37 Ein' feste Burg ist unser Gott, BWV 302.mp3	3	37	Ein' feste Burg ist unser Gott, BWV 302.mp3	302
03-38 Ein' feste Burg ist unser Gott, BWV 303.mp3	3	38	Ein' feste Burg ist unser Gott, BWV 303.mp3	303
03-39 Ein' feste Burg ist unser Gott (Cantata, BWV 80).mp3	3	39	Ein' feste Burg ist unser Gott (Cantata, BWV 80).mp3	80
03-40 Eins ist noth, ach Herr, dies Eine, BWV 304.mp3	3	40	Eins ist noth, ach Herr, dies Eine, BWV 304.mp3	304
03-41 Erbarm' dich mein, o Herre Gott, BWV 305.mp3	3	41	Erbarm' dich mein, o Herre Gott, BWV 305.mp3	305
03-42 Erhalt' uns, Herr, bei deinem Wort (Cantata, BWV 6).mp3	3	42	Erhalt' uns, Herr, bei deinem Wort (Cantata, BWV 6).mp3	6
03-43 Es ist das Heil uns kommen her (Cantata, BWV 117).mp3	3	43	Es ist das Heil uns kommen her (Cantata, BWV 117).mp3	117
03-44 Es ist genug; so nimm, Herr, meinen Geist (Cantata, BWV 60).mp3	3	44	Es ist genug; so nimm, Herr, meinen Geist (Cantata, BWV 60).mp3	60
03-45 Es spricht der Unweisen Mund wohl, BWV 308.mp3	3	45	Es spricht der Unweisen Mund wohl, BWV 308.mp3	308
03-46 Es steh'n vor Gottes Throne, BWV 309.mp3	3	46	Es steh'n vor Gottes Throne, BWV 309.mp3	309
03-47 Es wir schier der letzte Tag herkommen, BWV 310.mp3	3	47	Es wir schier der letzte Tag herkommen, BWV 310.mp3	310
03-48 Es woll' uns Gott genädig sein, BWV 312.mp3	3	48	Es woll' uns Gott genädig sein, BWV 312.mp3	312
03-49 Freu dich sehr, o meine Seel (Cantata, BWV 70).mp3	3	49	Freu dich sehr, o meine Seel (Cantata, BWV 70).mp3	70
03-50 Freu dich sehr, o meine Seele (Cantate, BWV 39).mp3	3	50	Freu dich sehr, o meine Seele (Cantate, BWV 39).mp3	39
03-51 Gib dich zufrieden und sei stille, BWV 315.mp3	3	51	Gib dich zufrieden und sei stille, BWV 315.mp3	315
03-52 Gott, der du selber bist das Licht, BWV 316.mp3	3	52	Gott, der du selber bist das Licht, BWV 316.mp3	316
03-53 Gott hat das Evangelium, BWV 319.mp3	3	53	Gott hat das Evangelium, BWV 319.mp3	319
03-54 Gott lebet noch, BWV 320.mp3	3	54	Gott lebet noch, BWV 320.mp3	320
03-55 Gottlob, es geht nunmehr zu Ende, BWV 321.mp3	3	55	Gottlob, es geht nunmehr zu Ende, BWV 321.mp3	321
03-56 Helft mir Gott's Güte preisen (Cantata, BWV 16).mp3	3	56	Helft mir Gott's Güte preisen (Cantata, BWV 16).mp3	16
03-57 Helft mir Gott's Güte preisen (Cantata, BWV 183).mp3	3	57	Helft mir Gott's Güte preisen (Cantata, BWV 183).mp3	183
03-58 Herr Christ, der einig' Gott's Sohn (Cantata, BWV 164).mp3	3	58	Herr Christ, der einig' Gott's Sohn (Cantata, BWV 164).mp3	164
03-59 Herr Christ, der einig' Gott's Sohn (Cantata, BWV 96).mp3	3	59	Herr Christ, der einig' Gott's Sohn (Cantata, BWV 96).mp3	96
03-60 Herr Gott, dich loben alle wir, BWV 326.mp3	3	60	Herr Gott, dich loben alle wir, BWV 326.mp3	326
03-61 Herr Gott, dich loben alle wir, BWV 327.mp3	3	61	Herr Gott, dich loben alle wir, BWV 327.mp3	327
03-62 Herr Gott, dich loben alle wir, BWV 328.mp3	3	62	Herr Gott, dich loben alle wir, BWV 328.mp3	328
03-63 Herr Gott, dich loben wir (Cantata, BWV 119).mp3	3	63	Herr Gott, dich loben wir (Cantata, BWV 119).mp3	119
03-64 Herr Gott, dich loben wir (Cantata, BWV 120).mp3	3	64	Herr Gott, dich loben wir (Cantata, BWV 120).mp3	120
03-65 Herr, ich denk' an jene Zeit, BWV 329.mp3	3	65	Herr, ich denk' an jene Zeit, BWV 329.mp3	329
03-66 Herr, ich habe mißgehandelt, BWV 330.mp3	3	66	Herr, ich habe mißgehandelt, BWV 330.mp3	330
03-67 Herr Jesu Christ, dich zu uns wend', BWV 332.mp3	3	67	Herr Jesu Christ, dich zu uns wend', BWV 332.mp3	332
03-68 Herr Jesu Christ, du hast bereit't, BWV 333.mp3	3	68	Herr Jesu Christ, du hast bereit't, BWV 333.mp3	333
03-69 Herr Jesu Christ, du höchstes Gut, BWV 334.mp3	3	69	Herr Jesu Christ, du höchstes Gut, BWV 334.mp3	334
03-70 Herr Jesu Christ, du höchstes Gut (Cantata, BWV 168).mp3	3	70	Herr Jesu Christ, du höchstes Gut (Cantata, BWV 168).mp3	168
03-71 Herr Jesu Christ, du höchstes Gut (Cantata, BWV 48).mp3	3	71	Herr Jesu Christ, du höchstes Gut (Cantata, BWV 48).mp3	48
03-72 Herr Jesu Christ, mein's Lebens Licht, BWV 335.mp3	3	72	Herr Jesu Christ, mein's Lebens Licht, BWV 335.mp3	335
03-73 Herr Jesu Christ, wahr'r Mensch und Gott (Cantata, BWV 127).mp3	3	73	Herr Jesu Christ, wahr'r Mensch und Gott (Cantata, BWV 127).mp3	127
03-74 Herr, nun laß in Friede, BWV 337.mp3	3	74	Herr, nun laß in Friede, BWV 337.mp3	337
03-75 Herr, straf' mich nicht in deinem Zorn, BWV 338.mp3	3	75	Herr, straf' mich nicht in deinem Zorn, BWV 338.mp3	338
03-76 Herr, wie du willst, so schick's mit mir (Cantata, BWV 156).mp3	3	76	Herr, wie du willst, so schick's mit mir (Cantata, BWV 156).mp3	156
03-77 Herr, wie du willst, so schick's mit mir, BWV 339.mp3	3	77	Herr, wie du willst, so schick's mit mir, BWV 339.mp3	339
03-78 Herzlich lieb hab' ich dich, o Herr, BWV 340.mp3	3	78	Herzlich lieb hab' ich dich, o Herr, BWV 340.mp3	340
03-79 Herzlich lieb hab' ich dich, o Herr (Cantata, BWV 174).mp3	3	79	Herzlich lieb hab' ich dich, o Herr (Cantata, BWV 174).mp3	174
03-80 Herzlich thut mich verlangen (Cantata, BWV 153).mp3	3	80	Herzlich thut mich verlangen (Cantata, BWV 153).mp3	153
03-81 Hilf, Gott, daß mir's gelinge, BWV 343.mp3	3	81	Hilf, Gott, daß mir's gelinge, BWV 343.mp3	343
03-82 Hilf, Herr Jesu, laß gelingen, BWV 344.mp3	3	82	Hilf, Herr Jesu, laß gelingen, BWV 344.mp3	344
03-83 Ich bin ja, Herr, in deiner Macht, BWV 345.mp3	3	83	Ich bin ja, Herr, in deiner Macht, BWV 345.mp3	345
03-84 Ich dank' dir, Gott, für all' Wohlthat, BWV 346.mp3	3	84	Ich dank' dir, Gott, für all' Wohlthat, BWV 346.mp3	346
03-85 Ich dank' dir, lieber Herre, BWV 347.mp3	3	85	Ich dank' dir, lieber Herre, BWV 347.mp3	347
03-86 Ich dank' dir, lieber Herre, BWV 348.mp3	3	86	Ich dank' dir, lieber Herre, BWV 348.mp3	348
03-87 Ich dank' dir, lieber Herre (Cantata, BWV 37).mp3	3	87	Ich dank' dir, lieber Herre (Cantata, BWV 37).mp3	37
03-88 Ich dank' dir schon durch deinen Sohn, BWV 349.mp3	3	88	Ich dank' dir schon durch deinen Sohn, BWV 349.mp3	349
03-89 Ich danke dir, o Gott, in deinem Throne, BWV 350.mp3	3	89	Ich danke dir, o Gott, in deinem Throne, BWV 350.mp3	350
03-90 Ich hab' mein' Sach' Gott heimgestellt, BWV 351.mp3	3	90	Ich hab' mein' Sach' Gott heimgestellt, BWV 351.mp3	351
03-91 Ich ruf' zu dir, Herr Jesu Christ (Cantata, BWV 177).mp3	3	91	Ich ruf' zu dir, Herr Jesu Christ (Cantata, BWV 177).mp3	177
03-92 Jesu, der du meine Seele, BWV 352.mp3	3	92	Jesu, der du meine Seele, BWV 352.mp3	352
03-93 Jesu, der du meine Seele, BWV 353.mp3	3	93	Jesu, der du meine Seele, BWV 353.mp3	353
03-94 Jesu, der du meine Seele, BWV 354.mp3	3	94	Jesu, der du meine Seele, BWV 354.mp3	354
03-95 Jesu, der du meine Seele (Cantata, BWV 78).mp3	3	95	Jesu, der du meine Seele (Cantata, BWV 78).mp3	78
03-96 Jesu, der du selbst so wohl, BWV 355.mp3	3	96	Jesu, der du selbst so wohl, BWV 355.mp3	355
03-97 Jesu, du mein liebstes Leben, BWV 356.mp3	3	97	Jesu, du mein liebstes Leben, BWV 356.mp3	356
03-98 Jesu, Jesu, du bist mein, BWV 357.mp3	3	98	Jesu, Jesu, du bist mein, BWV 357.mp3	357
03-99 Jesu, meine Freude, BWV 358.mp3	3	99	Jesu, meine Freude, BWV 358.mp3	358
03-100 Jesu, meine Freude, BWV 227.mp3	3	100	Jesu, meine Freude, BWV 227.mp3	227
03-101 Jesu, meine Freude (Cantata, BWV 81).mp3	3	101	Jesu, meine Freude (Cantata, BWV 81).mp3	81
